padrao;categoria
uber eats;Restauração
glovo;Restauração
bolt food;Restauração
continente;Supermercado
pingo doce;Supermercado
lidl;Supermercado
mercadona;Supermercado
auchan;Supermercado
minipreco;Supermercado
galp energia;Casa
edp comercial;Casa
epal;Casa
ikea;Casa
meo;Comunicações
nos comunicacoes;Comunicações
vodafone;Comunicações
via verde;Transportes
bolt;Transportes
uber;Transportes
galp;Combustível
repsol;Combustível
farmacia;Saúde
netflix;Subscrições
spotify;Subscrições
disney plus;Subscrições
worten;Compras
fnac;Compras
amazon;Compras
levantamento;Dinheiro
